<?xml version="1.0" encoding="UTF-8"?>
<project-private xmlns="http://www.netbeans.org/ns/project-private/1">
    <editor-bookmarks xmlns="http://www.netbeans.org/ns/editor-bookmarks/1"/>
    <editor-bookmarks xmlns="http://www.netbeans.org/ns/editor-bookmarks/2" lastBookmarkId="0"/>
    <open-files xmlns="http://www.netbeans.org/ns/projectui-open-files/2">
        <group>
            <file>file:/Users/htrefftz/Documents/Charlas/UniMag20102/Codigo/RayTracerV01/RayTracerV01/src/escena/Plano.java</file>
            <file>file:/Users/htrefftz/Documents/Charlas/UniMag20102/Codigo/RayTracerV01/RayTracerV01/src/escena/Punto.java</file>
            <file>file:/Users/htrefftz/Documents/Charlas/UniMag20102/Codigo/RayTracerV01/RayTracerV01/src/escena/RayTracer.java</file>
            <file>file:/Users/htrefftz/Documents/Charlas/UniMag20102/Codigo/RayTracerV01/RayTracerV01/src/escena/Solucion.java</file>
            <file>file:/Users/htrefftz/Documents/Charlas/UniMag20102/Codigo/RayTracerV01/RayTracerV01/src/escena/Escena.java</file>
            <file>file:/Users/htrefftz/Documents/Charlas/UniMag20102/Codigo/RayTracerV01/RayTracerV01/src/escena/Entidad.java</file>
            <file>file:/Users/htrefftz/Documents/Charlas/UniMag20102/Codigo/RayTracerV01/RayTracerV01/src/escena/Color.java</file>
            <file>file:/Users/htrefftz/Documents/Charlas/UniMag20102/Codigo/RayTracerV01/RayTracerV01/src/imagen/Imagen.java</file>
            <file>file:/Users/htrefftz/Documents/Charlas/UniMag20102/Codigo/RayTracerV01/RayTracerV01/src/escena/LectorEscena.java</file>
            <file>file:/Users/htrefftz/Documents/Charlas/UniMag20102/Codigo/RayTracerV01/RayTracerV01/src/escena/MiVector.java</file>
            <file>file:/Users/htrefftz/Documents/Charlas/UniMag20102/Codigo/RayTracerV01/RayTracerV01/src/escena/Rayo.java</file>
            <file>file:/Users/htrefftz/Documents/Charlas/UniMag20102/Codigo/RayTracerV01/RayTracerV01/src/escena/Esfera.java</file>
            <file>file:/Users/htrefftz/Documents/Charlas/UniMag20102/Codigo/RayTracerV01/RayTracerV01/src/imagen/Pixel.java</file>
            <file>file:/Users/htrefftz/Documents/Charlas/UniMag20102/Codigo/RayTracerV01/RayTracerV01/src/escena/Material.java</file>
        </group>
    </open-files>
</project-private>
